{
  "emb": {
    "number": {
      "C": 0.5,
      "cv_auc": 0.9979596101235814,
      "auc": 0.998268356493395,
      "bal_acc": 0.9828658431978041,
      "acc": 0.9826666666666667,
      "base_rate": 0.536
    },
    "question": {
      "C": 0.5,
      "cv_auc": 1.0,
      "auc": 1.0,
      "bal_acc": 1.0,
      "acc": 1.0,
      "base_rate": 0.5106666666666667
    },
    "color": {
      "C": 0.5,
      "cv_auc": 0.9979875294244704,
      "auc": 0.9989015801579446,
      "bal_acc": 0.9838281266689929,
      "acc": 0.984,
      "base_rate": 0.5186666666666667
    },
    "food": {
      "C": 0.5,
      "cv_auc": 0.9981129180627712,
      "auc": 0.9988799980088854,
      "bal_acc": 0.9839946382126901,
      "acc": 0.984,
      "base_rate": 0.5006666666666667
    },
    "sentiment": {
      "C": 0.5,
      "cv_auc": 0.9976628340411684,
      "auc": 0.9985557548095502,
      "bal_acc": 0.9839726181084484,
      "acc": 0.984,
      "base_rate": 0.5206666666666667
    },
    "country": {
      "C": 0.5,
      "cv_auc": 0.9997644434168873,
      "auc": 0.9998275506503296,
      "bal_acc": 0.9919713271844177,
      "acc": 0.992,
      "base_rate": 0.49733333333333335
    },
    "person": {
      "C": 5.0,
      "cv_auc": 0.9999840816068304,
      "auc": 0.9999484264739358,
      "bal_acc": 0.9986662019121328,
      "acc": 0.9986666666666667,
      "base_rate": 0.5093333333333333
    },
    "body_part": {
      "C": 0.5,
      "cv_auc": 0.9985861213427716,
      "auc": 0.9991572958798168,
      "bal_acc": 0.984625983377039,
      "acc": 0.9846666666666667,
      "base_rate": 0.49666666666666665
    }
  },
  "h0": {
    "number": {
      "C": 0.5,
      "cv_auc": 1.0,
      "auc": 0.9972300852061531,
      "bal_acc": 0.9802817807514154,
      "acc": 0.98,
      "base_rate": 0.536
    },
    "question": {
      "C": 0.5,
      "cv_auc": 1.0,
      "auc": 1.0,
      "bal_acc": 1.0,
      "acc": 1.0,
      "base_rate": 0.5106666666666667
    },
    "color": {
      "C": 0.5,
      "cv_auc": 1.0,
      "auc": 0.9981075846157133,
      "bal_acc": 0.9749802391243974,
      "acc": 0.9746666666666667,
      "base_rate": 0.5186666666666667
    },
    "food": {
      "C": 0.5,
      "cv_auc": 0.9999959081376911,
      "auc": 0.998351997070217,
      "bal_acc": 0.9853244183545216,
      "acc": 0.9853333333333333,
      "base_rate": 0.5006666666666667
    },
    "sentiment": {
      "C": 0.5,
      "cv_auc": 0.999999183391823,
      "auc": 0.9986501382806894,
      "bal_acc": 0.9859484381316347,
      "acc": 0.986,
      "base_rate": 0.5206666666666667
    },
    "country": {
      "C": 0.5,
      "cv_auc": 0.9999995917534191,
      "auc": 0.9996906578676015,
      "bal_acc": 0.9886983451973745,
      "acc": 0.9886666666666667,
      "base_rate": 0.49733333333333335
    },
    "person": {
      "C": 0.5,
      "cv_auc": 1.0,
      "auc": 1.0,
      "bal_acc": 1.0,
      "acc": 1.0,
      "base_rate": 0.5093333333333333
    },
    "body_part": {
      "C": 0.5,
      "cv_auc": 1.0,
      "auc": 0.9989066180719143,
      "bal_acc": 0.9819947553224588,
      "acc": 0.982,
      "base_rate": 0.49666666666666665
    }
  },
  "h1": {
    "number": {
      "C": 0.5,
      "cv_auc": 1.0,
      "auc": 0.997247955624178,
      "bal_acc": 0.9727654829301767,
      "acc": 0.9726666666666667,
      "base_rate": 0.536
    },
    "question": {
      "C": 0.5,
      "cv_auc": 1.0,
      "auc": 1.0,
      "bal_acc": 1.0,
      "acc": 1.0,
      "base_rate": 0.5106666666666667
    },
    "color": {
      "C": 0.5,
      "cv_auc": 1.0,
      "auc": 0.9975468030107741,
      "bal_acc": 0.9736450448269232,
      "acc": 0.9733333333333334,
      "base_rate": 0.5186666666666667
    },
    "food": {
      "C": 0.5,
      "cv_auc": 1.0,
      "auc": 0.9978115516649807,
      "bal_acc": 0.9866595318391678,
      "acc": 0.9866666666666667,
      "base_rate": 0.5006666666666667
    },
    "sentiment": {
      "C": 0.5,
      "cv_auc": 1.0,
      "auc": 0.9972610985167548,
      "bal_acc": 0.9817759763792008,
      "acc": 0.982,
      "base_rate": 0.5206666666666667
    },
    "country": {
      "C": 5.0,
      "cv_auc": 0.999913860763052,
      "auc": 0.9993582039666906,
      "bal_acc": 0.9919926611245831,
      "acc": 0.992,
      "base_rate": 0.49733333333333335
    },
    "person": {
      "C": 0.5,
      "cv_auc": 1.0,
      "auc": 1.0,
      "bal_acc": 1.0,
      "acc": 1.0,
      "base_rate": 0.5093333333333333
    },
    "body_part": {
      "C": 0.5,
      "cv_auc": 1.0,
      "auc": 0.99852793457487,
      "bal_acc": 0.9793101915640695,
      "acc": 0.9793333333333333,
      "base_rate": 0.49666666666666665
    }
  },
  "h2": {
    "number": {
      "C": 0.5,
      "cv_auc": 1.0,
      "auc": 0.997237233373363,
      "bal_acc": 0.9758749356664951,
      "acc": 0.976,
      "base_rate": 0.536
    },
    "question": {
      "C": 0.5,
      "cv_auc": 1.0,
      "auc": 1.0,
      "bal_acc": 1.0,
      "acc": 1.0,
      "base_rate": 0.5106666666666667
    },
    "color": {
      "C": 0.5,
      "cv_auc": 1.0,
      "auc": 0.9974577900576093,
      "bal_acc": 0.9736948920806956,
      "acc": 0.9733333333333334,
      "base_rate": 0.5186666666666667
    },
    "food": {
      "C": 0.5,
      "cv_auc": 1.0,
      "auc": 0.9959999928888763,
      "bal_acc": 0.9840070826792581,
      "acc": 0.984,
      "base_rate": 0.5006666666666667
    },
    "sentiment": {
      "C": 0.5,
      "cv_auc": 1.0,
      "auc": 0.9954624701044807,
      "bal_acc": 0.9811357715136437,
      "acc": 0.9813333333333333,
      "base_rate": 0.5206666666666667
    },
    "country": {
      "C": 5.0,
      "cv_auc": 0.5260366084402583,
      "auc": 0.5039716685274603,
      "bal_acc": 0.4917508764693751,
      "acc": 0.492,
      "base_rate": 0.49733333333333335
    },
    "person": {
      "C": 0.5,
      "cv_auc": 1.0,
      "auc": 0.9999964432050991,
      "bal_acc": 0.9993455497382199,
      "acc": 0.9993333333333333,
      "base_rate": 0.5093333333333333
    },
    "body_part": {
      "C": 0.5,
      "cv_auc": 1.0,
      "auc": 0.9985883817058536,
      "bal_acc": 0.9813058358149251,
      "acc": 0.9813333333333333,
      "base_rate": 0.49666666666666665
    }
  },
  "h3": {
    "number": {
      "C": 0.5,
      "cv_auc": 1.0,
      "auc": 0.9975678361068222,
      "bal_acc": 0.9748241550866358,
      "acc": 0.9746666666666667,
      "base_rate": 0.536
    },
    "question": {
      "C": 0.5,
      "cv_auc": 1.0,
      "auc": 1.0,
      "bal_acc": 1.0,
      "acc": 1.0,
      "base_rate": 0.5106666666666667
    },
    "color": {
      "C": 0.5,
      "cv_auc": 1.0,
      "auc": 0.9974577900576092,
      "bal_acc": 0.9716173297538258,
      "acc": 0.9713333333333334,
      "base_rate": 0.5186666666666667
    },
    "food": {
      "C": 0.5,
      "cv_auc": 1.0,
      "auc": 0.9961208819926791,
      "bal_acc": 0.9853386406020277,
      "acc": 0.9853333333333333,
      "base_rate": 0.5006666666666667
    },
    "sentiment": {
      "C": 0.5,
      "cv_auc": 1.0,
      "auc": 0.995857812191139,
      "bal_acc": 0.9818311818057162,
      "acc": 0.982,
      "base_rate": 0.5206666666666667
    },
    "country": {
      "C": 0.5,
      "cv_auc": 1.0,
      "auc": 0.9944833986388946,
      "bal_acc": 0.9641483135520299,
      "acc": 0.964,
      "base_rate": 0.49733333333333335
    },
    "person": {
      "C": 0.5,
      "cv_auc": 1.0,
      "auc": 0.9999982216025495,
      "bal_acc": 0.9986910994764397,
      "acc": 0.9986666666666667,
      "base_rate": 0.5093333333333333
    },
    "body_part": {
      "C": 0.5,
      "cv_auc": 1.0,
      "auc": 0.9983270367571893,
      "bal_acc": 0.9793190808480376,
      "acc": 0.9793333333333333,
      "base_rate": 0.49666666666666665
    }
  },
  "_full_model": {
    "number": {
      "acc": 0.976,
      "logit_auc": 0.9976178732772918,
      "base_rate": 0.536
    },
    "question": {
      "acc": 1.0,
      "logit_auc": 1.0,
      "base_rate": 0.5106666666666667
    },