{
  "global_linear": {
    "number": {
      "auc": 0.9972551037913879,
      "bal_acc": 0.9753495453765655
    },
    "question": {
      "auc": 1.0,
      "bal_acc": 1.0
    },
    "color": {
      "auc": 0.9974542295394826,
      "bal_acc": 0.9730023713050723
    },
    "food": {
      "auc": 0.9960213262601355,
      "bal_acc": 0.9840070826792581
    },
    "sentiment": {
      "auc": 0.9954767166661621,
      "bal_acc": 0.9811357715136437
    },
    "country": {
      "auc": 0.4901668314120935,
      "bal_acc": 0.46879200119470066
    },
    "person": {
      "auc": 0.9999982216025495,
      "bal_acc": 0.9993455497382199
    },
    "body_part": {
      "auc": 0.9985919374194409,
      "bal_acc": 0.9813058358149251
    }
  },
  "conditional": {
    "number": {
      "0": {
        "auc": 0.6816665014702481,
        "bal_acc": 0.6419615422737635,
        "n_tr": 3207,
        "n_te": 696,
        "F_rate_tr": 0.48674773932023696
      },
      "1": {
        "auc": 0.6085917376659401,
        "bal_acc": 0.6038859718644739,
        "n_tr": 3793,
        "n_te": 804,
        "F_rate_tr": 0.49828631689955183
      }
    },
    "question": {
      "0": {
        "auc": 0.6162287249925351,
        "bal_acc": 0.5625858465213496,
        "n_tr": 3570,
        "n_te": 734,
        "F_rate_tr": 0.4899159663865546
      },
      "1": {
        "auc": 0.6087917350848385,
        "bal_acc": 0.5779830322933771,
        "n_tr": 3430,
        "n_te": 766,
        "F_rate_tr": 0.49620991253644314
      }
    },
    "color": {
      "0": {
        "auc": 0.6024397921033035,
        "bal_acc": 0.5602616366107004,
        "n_tr": 3463,
        "n_te": 722,
        "F_rate_tr": 0.5027432861680624
      },
      "1": {
        "auc": 0.6136545388453786,
        "bal_acc": 0.5654505799543967,
        "n_tr": 3537,
        "n_te": 778,
        "F_rate_tr": 0.48346055979643765
      }
    },
    "food": {
      "0": {
        "auc": 0.9739957777017003,
        "bal_acc": 0.9623737589866485,
        "n_tr": 3327,
        "n_te": 749,
        "F_rate_tr": 0.49564171926660655
      },
      "1": {
        "auc": 0.9671871672936334,
        "bal_acc": 0.9385974874015188,
        "n_tr": 3673,
        "n_te": 751,
        "F_rate_tr": 0.4906071331336782
      }
    },
    "sentiment": {
      "0": {
        "auc": 0.8702006440426059,
        "bal_acc": 0.849640822392866,
        "n_tr": 3433,
        "n_te": 719,
        "F_rate_tr": 0.4899504806291873
      },
      "1": {
        "auc": 0.9294258843898792,
        "bal_acc": 0.8948143338711159,
        "n_tr": 3567,
        "n_te": 781,
        "F_rate_tr": 0.4959349593495935
      }
    },
    "person": {
      "0": {
        "auc": 0.4841630302490575,
        "bal_acc": 0.4075978864250304,
        "n_tr": 3496,
        "n_te": 736,
        "F_rate_tr": 0.48226544622425627
      },
      "1": {
        "auc": 0.6080445544554456,
        "bal_acc": 0.580995599559956,
        "n_tr": 3504,
        "n_te": 764,
        "F_rate_tr": 0.5037100456621004
      }
    },
    "body_part": {
      "0": {
        "auc": 0.5740610789872566,
        "bal_acc": 0.5427496772020435,
        "n_tr": 3498,
        "n_te": 755,
        "F_rate_tr": 0.4868496283590623
      },
      "1": {
        "auc": 0.5707243243243243,
        "bal_acc": 0.5492612612612613,
        "n_tr": 3502,
        "n_te": 745,
        "F_rate_tr": 0.49914334665905197
      }
    }
  },
  "cond_summary": [
    [
      "food",
      0.9671871672936334,
      0.9705914724976669,
      0.9739957777017003,
      0.9671871672936334
    ],
    [
      "sentiment",
      0.8702006440426059,
      0.8998132642162425,
      0.8702006440426059,
      0.9294258843898792
    ],
    [
      "question",
      0.6087917350848385,
      0.6125102300386869,
      0.6162287249925351,
      0.6087917350848385
    ],
    [
      "number",
      0.6085917376659401,
      0.6451291195680942,
      0.6816665014702481,
      0.6085917376659401
    ],
    [
      "color",
      0.6024397921033035,
      0.608047165474341,
      0.6024397921033035,
      0.6136545388453786
    ],
    [
      "body_part",
      0.5707243243243243,
      0.5723927016557904,
      0.5740610789872566,
      0.5707243243243243
    ],
    [
      "person",
      0.4841630302490575,
      0.5461037923522516,
      0.4841630302490575,
      0.6080445544554456
    ]
  ],
  "pair_xor": [
    [
      "question",
      "person",
      "OR",
      0.5373333333333333,
      0.538
    ],
    [
      "question",
      "sentiment",
      "AND",
      0.5313333333333333,
      0.5273333333333333
    ],
    [
      "color",
      "person",
      "AND",
      0.528,
      0.5293333333333333
    ],
    [
      "question",
      "person",
      "AND",
      0.528,
      0.528
    ],
    [
      "sentiment",
      "body_part",
      "XOR",
      0.5253333333333333,
      0.5213333333333333
    ],
    [
      "question",
      "body_part",
      "OR",
      0.5226666666666666,
      0.5246666666666666
    ],
    [
      "question",
      "color",
      "AND",
      0.5226666666666666,
      0.524
    ],
    [
      "sentiment",
      "person",
      "AND",
      0.524,
      0.524
    ],
    [
      "number",
      "question",
      "AND",
      0.5186666666666667,
      0.5193333333333333
    ],
    [
      "question",
      "color",
      "OR",
      0.5186666666666667,
      0.5193333333333333
    ],
    [
      "question",
      "sentiment",
      "XNOR",
      0.5193333333333333,
      0.5113333333333333
    ],
    [
      "question",
      "body_part",
      "XOR",
      0.5153333333333333,
      0.5193333333333333
    ],
    [
      "person",
      "body_part",
      "AND",
      0.518,
      0.5193333333333333
    ],
    [
      "color",
      "food",
      "XOR",
      0.518,
      0.512
    ],
    [
      "sentiment",
      "person",
      "OR",
      0.5153333333333333,
      0.516
    ],
    [
      "sentiment",
      "body_part",
      "OR",
      0.5146666666666667,
      0.5126666666666667
    ],
    [
      "number",
      "person",
      "AND",
      0.5133333333333333,
      0.5126666666666667
    ],
    [
      "question",
      "food",
      "AND",
      0.5113333333333333,
      0.5133333333333333
    ],
    [
      "question",
      "sentiment",
      "OR",
      0.5093333333333333,
      0.5133333333333333
    ],
    [
      "color",
      "person",
      "OR",
      0.512,
      0.5133333333333333
    ],
    [
      "color",
      "person",
      "XNOR",
      0.5133333333333333,
      0.5133333333333333
    ],
    [
      "person",
      "body_part",
      "OR",
      0.5133333333333333,
      0.5126666666666667
    ],
    [
      "number",
      "question",
      "XNOR",
      0.512,
      0.5126666666666667
    ],
    [
      "question",
      "person",
      "XOR",
      0.512,
      0.5126666666666667
    ],
    [
      "color",
      "sentiment",
      "XOR",
      0.5126666666666667,
      0.504
    ]
  ],
  "single_equality": [
    [
      "question",
      0.5333333333333333,
      0.4666666666666667
    ],
    [
      "person",
      0.532,
      0.468
    ],
    [
      "food",
      0.4886666666666667,
      0.5113333333333333
    ],
    [
      "number",
      0.48933333333333334,
      0.5106666666666667
    ],
    [
      "color",
      0.508,
      0.492
    ],
    [
      "sentiment",
      0.5073333333333333,
      0.49266666666666664
    ],
    [
      "body_part",
      0.49933333333333335,
      0.5006666666666667
    ]
  ],