{
  "F": "country",
  "F_idx": 5,
  "h2_auc": {
    "number": 0.9972551037913879,
    "question": 1.0,
    "color": 0.9974542295394826,
    "food": 0.9960213262601355,
    "sentiment": 0.9954767166661621,
    "country": 0.4901668314120935,
    "person": 0.9999982216025495,
    "body_part": 0.9985919374194409
  },
  "gap_to_next": 0.5053098852540686,
  "meandiff_auc": 0.5154130209521066,
  "fisher_ratio_F": 0.00024024788581300527,
  "modes_pos_bic_k": 4,
  "modes_neg_bic_k": 5,
  "modes_pos_sil_k": 2,
  "modes_neg_sil_k": 2,
  "modes_pos_bics": [
    -228375.52068398337,
    -248137.22229544536,
    -251965.85237370426,
    -253164.07965807887,
    -252520.2219509984
  ],
  "modes_neg_bics": [
    -141591.80663113765,
    -217749.713735837,
    -224938.29754112838,
    -223357.21873350473,
    -225461.03798954075
  ],
  "lin_svm_acc": 0.49666666666666665,
  "rbf_acc": 0.9646666666666667,
  "knn_acc": 0.9326666666666666,
  "base_rate": 0.5026666666666666,
  "ami_clusters_template": 8.377104037935676e-08,
  "ami_clusters_F": 0.021864964162742893,
  "local_10nn_purity_F": 0.97955,
  "global_cv_auc_F": 0.5133154379195475,
  "gate_feature": "food",
  "within_gate_cv_auc_F": 0.9994164594816908,
  "cond_auc_by_feature": {
    "number": 0.6357065083228048,
    "question": 0.60110516484127,
    "color": 0.6058240087538977,
    "food": 0.9994164594816908,
    "sentiment": 0.9624068921058224,
    "person": 0.5827918131071299,
    "body_part": 0.5980677815150546
  },
  "xor_F_gate_auc": 0.7566460945663531,
  "Fflip_dir_cosine_across_gate": -0.9956910014152527,
  "gate_flip_dist": 4.059881210327148,
  "Fflip_dist_gate0": 1.685280203819275,
  "Fflip_dist_gate1": 1.5500473976135254
}