{
  "global_": {
    "lda": 0.5160520121461233,
    "qda": 0.9940949431450494,
    "dmu": 0.013382276520133018,
    "ntr1": 3451,
    "ntr0": 3549,
    "nte1": 746,
    "nte0": 754,
    "key": []
  },
  "food": {
    "n_cells_scored": 2,
    "n_cells_total": 2,
    "lda": 0.9782291553747897,
    "qda": 0.9873042014155426,
    "dmu": 0.8484693705240886,
    "gap": 0.009075046040752903,
    "lda_unw": 0.9782411306073946,
    "qda_unw": 0.9873095677296642,
    "coverage_test": 1500,
    "coverage_train": 7000,
    "frac_test_covered": 1.0,
    "linear_fraction": 0.9813770412518683,
    "quadratic_fraction": 0.01862295874813169
  },
  "food_x_sentiment": {
    "n_cells_scored": 4,
    "n_cells_total": 4,
    "lda": 0.9868881086025342,
    "qda": 0.9915688632792208,
    "dmu": 0.8928355276584625,
    "gap": 0.004680754676686551,
    "lda_unw": 0.9868135954899173,
    "qda_unw": 0.9914419941769061,
    "coverage_test": 1500,
    "coverage_train": 7000,
    "frac_test_covered": 1.0,
    "linear_fraction": 0.9904779268453627,
    "quadratic_fraction": 0.009522073154637267
  },
  "full_other7": null,
  "full_other7_minN": null,
  "variance_ratio": 0.45003701143970154,
  "per_cell": {
    "food": [
      {
        "lda": 0.9872225550610523,
        "qda": 0.9913343033207805,
        "dmu": 0.8848215341567993,
        "ntr1": 1649,
        "ntr0": 1678,
        "nte1": 381,
        "nte0": 368,
        "key": [
          0
        ]
      },
      {
        "lda": 0.969259706153737,
        "qda": 0.9832848321385478,
        "dmu": 0.8122140169143677,
        "ntr1": 1802,
        "ntr0": 1871,
        "nte1": 365,
        "nte0": 386,
        "key": [
          1
        ]
      }
    ],
    "food_x_sentiment": [
      {
        "lda": 0.9930865738307935,
        "qda": 0.9952706253284288,
        "dmu": 0.8320342302322388,
        "ntr1": 784,
        "ntr0": 848,
        "nte1": 173,
        "nte0": 176,
        "key": [
          0,
          0
        ]
      },
      {
        "lda": 0.9953926282051282,
        "qda": 0.9976712740384616,
        "dmu": 1.023858666419983,
        "ntr1": 865,
        "ntr0": 830,
        "nte1": 208,
        "nte0": 192,
        "key": [
          0,
          1
        ]
      },
      {
        "lda": 0.9732223814677236,
        "qda": 0.9737634911813742,
        "dmu": 0.9580680131912231,
        "ntr1": 898,
        "ntr0": 903,
        "nte1": 179,
        "nte0": 191,
        "key": [
          1,
          0
        ]
      },
      {
        "lda": 0.9855527984560243,
        "qda": 0.9990625861593603,
        "dmu": 0.7476239204406738,
        "ntr1": 904,
        "ntr0": 968,
        "nte1": 186,
        "nte0": 195,
        "key": [
          1,
          1
        ]
      }
    ]
  },
  "summaries": {
    "none": {
      "lda": 0.5160520121461233,
      "qda": 0.9940949431450494,
      "dmu": 0.013382276520133018,
      "gap": 0.47804293099892614,
      "n_cells_scored": 1,
      "n_cells_total": 1,
      "coverage_test": 1500,
      "frac_test_covered": 1.0,
      "linear_fraction": 0.03248770781572432,
      "quadratic_fraction": 0.9675122921842757
    },
    "food": {
      "n_cells_scored": 2,
      "n_cells_total": 2,
      "lda": 0.9782291553747897,
      "qda": 0.9873042014155426,
      "dmu": 0.8484693705240886,
      "gap": 0.009075046040752903,
      "lda_unw": 0.9782411306073946,
      "qda_unw": 0.9873095677296642,
      "coverage_test": 1500,
      "coverage_train": 7000,
      "frac_test_covered": 1.0,
      "linear_fraction": 0.9813770412518683,
      "quadratic_fraction": 0.01862295874813169
    },
    "food_x_sentiment": {
      "n_cells_scored": 4,
      "n_cells_total": 4,
      "lda": 0.9868881086025342,
      "qda": 0.9915688632792208,
      "dmu": 0.8928355276584625,
      "gap": 0.004680754676686551,
      "lda_unw": 0.9868135954899173,
      "qda_unw": 0.9914419941769061,
      "coverage_test": 1500,
      "coverage_train": 7000,
      "frac_test_covered": 1.0,
      "linear_fraction": 0.9904779268453627,
      "quadratic_fraction": 0.009522073154637267
    }
  }
}