{
  "K_pca": 16,
  "pca_evr_top": [
    0.45488202271412304,
    0.15070973703198887,
    0.07905937464748651,
    0.07666837449407501,
    0.07255018706578384,
    0.05350498980808721,
    0.047407336394208924,
    0.04093099443594316
  ],
  "pca_evr_cumsum_K": 1.0,
  "task1": {
    "cell_n": {
      "c0f0": 1678,
      "c0f1": 1871,
      "c1f0": 1649,
      "c1f1": 1802
    },
    "d_food0_norm": 1.6852796538061279,
    "d_food1_norm": 1.550047116256797,
    "cos_d_food0_d_food1": -0.9956910947178674,
    "food_offset_c0_norm": 4.059880358475262,
    "food_offset_c1_norm": 0.8390653079126313,
    "country_offset_mean_norm": 1.6176633850314626,
    "country_vs_food_ratio": 0.6604128705204455,
    "cell_trace": {
      "c0f0": 16.037646431175723,
      "c0f1": 12.228448706454087,
      "c1f0": 7.902490490413653,
      "c1f1": 7.2272766979457295
    },
    "gate_axis_built_from": "signed-avg within-food country mean-diff (food=1 sign-flipped to align)"
  },
  "task2": {
    "proj_per_cell": {
      "c0f0": {
        "mean": -2.126759646696692,
        "std": 1.5380204045378494,
        "var": 2.36550676477477,
        "n": 1678
      },
      "c0f1": {
        "mean": 1.9302675846778032,
        "std": 1.3259671669319424,
        "var": 1.7581889277815217,
        "n": 1871
      },
      "c1f0": {
        "mean": -0.44329639935904436,
        "std": 1.2167163472111733,
        "var": 1.4803986695709006,
        "n": 1649
      },
      "c1f1": {
        "mean": 0.3818911202929763,
        "std": 1.144588011958944,
        "var": 1.3100817171201276,
        "n": 1802
      }
    },
    "proj_pooled": {
      "c0": {
        "mean": 0.012067614475942779,
        "std": 2.479522696531724,
        "var": 6.148032802615953,
        "n": 3549
      },
      "c1": {
        "mean": -0.012410305353555768,
        "std": 1.2495453955567963,
        "var": 1.5613636955571906,
        "n": 3451
      }
    },
    "gate_axis_dominant_pca_index": 0,
    "bimodality_coef_c1_pooled": 0.37854616625171716,
    "skew_c1": -0.18095857107398244,
    "exkurt_c1": -0.2744200935227621,
    "bimodality_coef_c0_pooled": 0.49691541134442085,
    "skew_c0": -0.20230230579665565,
    "exkurt_c0": -0.9077628223147669,
    "bc_threshold_uniform_0.555": 0.555,
    "var_decomp_along_v": {
      "c0": {
        "overall": 6.148032802615953,
        "between_food": 4.102698388648275,
        "within_food": 2.0453344139676783,
        "frac_between": 0.6673188840018225
      },
      "c1": {
        "overall": 1.5613636955571906,
        "between_food": 0.1698990011576298,
        "within_food": 1.391464694399561,
        "frac_between": 0.10881449443270128
      }
    },
    "total_var_pca_c1": 7.721193320615582,
    "total_var_pca_c0": 18.129978980520647,
    "total_var_ratio_c1_over_c0": 0.42587988264693777,
    "var_ratio_pooled_per_axis_top8": [
      0.6076179090213991,
      0.2518283022103403,
      0.18304052987726746,
      0.0034191255846286006,
      0.4553308273458051,
      0.5278456633172299,
      0.7129372678020975,
      0.49332421194374226
    ],
    "var_ratio_withinfood0_per_axis_top8": [
      0.8326201025072795,
      0.5464632158799952,
      0.2219524304805501,
      0.001339243219492466,
      0.5136608727935956,
      0.4676553156931251,
      0.8140766652220857,
      0.5849649451750593
    ],
    "n_axes_c1_tighter_pooled": 16,
    "n_axes_c1_tighter_withinfood0": 16
  },
  "task3": {
    "models": {
      "M1": {
        "country_auc": 0.9643580972969897,
        "mean_test_loglik": 14.45773745751984
      },
      "M2": {
        "country_auc": 0.9886947895406802,
        "mean_test_loglik": -77.47402571255978
      },
      "M3": {
        "country_auc": 0.988374780438199,
        "mean_test_loglik": 8.508887748025325
      },
      "ref_ungated_v_axis": {
        "country_auc": 0.5053512633248235
      },
      "ref_gated_linear_v_axis": {
        "country_auc": 0.7943230385219845
      }
    },
    "cell_fit": {
      "M1": {
        "mean_mae_over_cells": 0.19284748113989855,
        "trace_real": [
          10.193746485221894,
          14.340944009542504,
          7.511289183088563,
          11.746515145246345
        ],
        "trace_model": [
          13.001857408201033,
          13.001857408201033,
          13.001857408201033,
          13.001857408201033
        ],
        "trace_mae": 2.723277003096942
      },
      "M2": {
        "mean_mae_over_cells": 1.1892916186640274,
        "trace_real": [
          10.193746485221894,
          14.340944009542504,
          7.511289183088563,
          11.746515145246345
        ],
        "trace_model": [
          18.13508889567865,
          18.13508889567865,
          7.72343134766503,
          7.72343134766503
        ],
        "trace_mae": 3.9926783146876703
      },
      "M3": {
        "mean_mae_over_cells": 0.18604800179497522,
        "trace_real": [
          10.193746485221894,
          14.340944009542504,
          7.511289183088563,
          11.746515145246345
        ],
        "trace_model": [
          16.037646431175723,
          12.228448706454087,
          7.902490490413653,
          7.2272766979457295
        ],
        "trace_mae": 3.2167087509169883
      }
    },
    "delta_gate": 0.8088316925157313,
    "sgn_f0": 1.0,
    "sgn_f1": -1.0
  }
}