{
  "poly1": 0.49512875032889825,
  "poly2": 0.5495942995711878,
  "poly3": 0.5506983309747477,
  "poly4": 0.8193584173060923,
  "fourier4": 0.9807870090527019,
  "knn": 0.9413805548246705,
  "model_country_acc": 0.934,
  "other_linear_auc": {
    "number": 0.9958022388059702,
    "question": 1.0,
    "color": 0.9965231540493773,
    "food": 0.9977671071415237,
    "sentiment": 0.9974053449537787,
    "person": 0.9999679888458912,
    "body_part": 0.997870127561225
  }
}